target,attempt,start_time,end_time,duration_seconds,score,result,code_file
table1,1,2026-03-09 05:41:58,2026-03-09 05:43:46,108,79,discrepancy,generated_analysis.py
table1,2,2026-03-09 05:44:30,2026-03-09 05:45:49,79,86,discrepancy,generated_analysis_retry_2.py
table1,3,2026-03-09 05:45:49,2026-03-09 05:48:54,185,95,success,generated_analysis_retry_3.py
table2,1,2026-03-09 05:51:21,2026-03-09 05:54:21,180,59,discrepancy,generated_analysis.py
table2,2,2026-03-09 05:55:00,2026-03-09 05:58:20,200,81,discrepancy,generated_analysis_retry_2.py
table2,3,2026-03-09 05:58:30,2026-03-09 06:01:45,195,80,discrepancy,generated_analysis_retry_3.py
table2,4,2026-03-09 06:02:00,2026-03-09 06:05:40,220,85,discrepancy,generated_analysis_retry_4.py
table2,5,2026-03-09 06:06:13,2026-03-09 06:09:53,220,86,discrepancy,generated_analysis_retry_5.py
table2,6,2026-03-09 06:31:11,2026-03-09 06:41:52,641,84.1,discrepancy,generated_analysis_retry_6.py
table2,7,2026-03-09 06:43:15,2026-03-09 06:48:59,344,85.5,discrepancy,generated_analysis_retry_7.py
table2,8,2026-03-09 06:49:36,2026-03-09 06:52:46,190,88.3,discrepancy,generated_analysis_retry_8_v2.py
table2,9,2026-03-09 06:55:53,2026-03-09 06:57:46,113,87.4,discrepancy,generated_analysis_retry_9.py
table2,10,2026-03-09 06:58:15,2026-03-09 07:00:05,110,59.0,discrepancy,generated_analysis_retry_10b.py
table2,11,2026-03-09 07:00:32,2026-03-09 07:05:41,309,82.8,discrepancy,generated_analysis_retry_11.py
table2,12,2026-03-09 07:07:48,2026-03-09 07:09:40,112,85.2,discrepancy,generated_analysis_retry_12.py
table2,13,2026-03-09 07:10:06,2026-03-09 07:12:37,151,80.1,discrepancy,generated_analysis_retry_13.py
table2,14,2026-03-09 07:13:05,2026-03-09 07:16:13,188,82.1,discrepancy,generated_analysis_retry_14.py
table2,15,2026-03-09 07:23:04,2026-03-09 07:25:05,121,82.8,discrepancy,generated_analysis_retry_15b.py
table2,16,2026-03-09 07:27:27,2026-03-09 07:29:14,107,63.9,discrepancy,generated_analysis_retry_16b.py
table2,17,2026-03-09 07:30:17,2026-03-09 07:31:29,72,87.1,discrepancy,generated_analysis_retry_17.py
table2,17,2026-03-09 07:29:45,2026-03-09 07:30:52,67,88.3,discrepancy,generated_analysis_retry_8_v2.py
table2,18,2026-03-09 07:31:01,2026-03-09 07:32:49,108,89.6,discrepancy,generated_analysis_retry_18.py
table2,19,2026-03-09 07:33:15,2026-03-09 07:34:39,84,83.6,discrepancy,generated_analysis_retry_16.py
table2,20,2026-03-09 07:34:54,2026-03-09 07:35:04,10,89.6,discrepancy,generated_analysis_retry_18.py
table3,1,2026-03-09 05:51:32,2026-03-09 05:52:27,55,98.9,success,generated_analysis.py
figure1,1,2026-03-09 05:51:44,2026-03-09 05:53:13,89,54,discrepancy,generated_analysis.py
figure1,2,2026-03-09 05:54:28,2026-03-09 05:58:35,247,88,discrepancy,generated_analysis_retry_2.py
figure1,3,2026-03-09 05:59:28,2026-03-09 06:00:36,68,94,discrepancy,generated_analysis_retry_3.py
figure1,4,2026-03-09 06:01:11,2026-03-09 06:02:24,73,95,success,generated_analysis_retry_4.py
